Animal,Treatment,Duration Cued Block 1,Duration Cued Block 2,Duration Cued Block 3,Duration Cued Block 4,Duration Cued Block 5,Duration Spatial1 Block 1,Duration Spatial1 Block 2,Duration Spatial1 Block 3,Duration Spatial1 Block 4,Duration Spatial1 Block 5,Duration Spatial2 Block 1,Duration Spatial2 Block 2,Duration Spatial2 Block 3,Duration Spatial2 Block 4,Duration Spatial2 Block 5,Duration Spatial3 Block 1,Duration Spatial3 Block 2,Duration Spatial3 Block 3,Duration Spatial3 Block 4,Duration Spatial3 Block 5,Duration Cued,Duration Spatial1,Duration Spatial2,Duration Spatial3,Duration Spatial,Distance Cued Block 1,Distance Cued Block 2,Distance Cued Block 3,Distance Cued Block 4,Distance Cued Block 5,Distance Spatial1 Block 1,Distance Spatial1 Block 2,Distance Spatial1 Block 3,Distance Spatial1 Block 4,Distance Spatial1 Block 5,Distance Spatial2 Block 1,Distance Spatial2 Block 2,Distance Spatial2 Block 3,Distance Spatial2 Block 4,Distance Spatial2 Block 5,Distance Spatial3 Block 1,Distance Spatial3 Block 2,Distance Spatial3 Block 3,Distance Spatial3 Block 4,Distance Spatial3 Block 5,Distance Cued,Distance Spatial1,Distance Spatial2,Distance Spatial3,Distance Spatial,Speed Cued Block 1,Speed Cued Block 2,Speed Cued Block 3,Speed Cued Block 4,Speed Cued Block 5,Speed Spatial1 Block 1,Speed Spatial1 Block 2,Speed Spatial1 Block 3,Speed Spatial1 Block 4,Speed Spatial1 Block 5,Speed Spatial2 Block 1,Speed Spatial2 Block 2,Speed Spatial2 Block 3,Speed Spatial2 Block 4,Speed Spatial2 Block 5,Speed Spatial3 Block 1,Speed Spatial3 Block 2,Speed Spatial3 Block 3,Speed Spatial3 Block 4,Speed Spatial3 Block 5,Speed Cued,Speed Spatial1,Speed Spatial2,Speed Spatial3,Speed Spatial,Probe Entries 1,Probe Entries 2,Probe Entries 3,Probe Entries Ave,Probe Percent1,Probe Percent2,Probe Percent3,Probe Percent Ave,Probe2 Opposite %,Working Mem1 Duration Trial 1,Working Mem1 Duration Trial 2,Working Mem1 Duration Diff,Working Mem2 Duration Trial 1,Working Mem2 Duration Trial 2,Working Mem2 Duration Diff,Working Mem3 Duration Trial 1,Working Mem3 Duration Trial 2,Working Mem3 Duration Diff,Working Mem Duration Trial 1 Ave,Working Mem Duration Trial 2 Ave,Working Mem Duration Diff Ave,Working Mem1 Distance Trial 1,Working Mem1 Distance Trial 2,Working Mem1 Distance Diff,Working Mem2 Distance Trial 1,Working Mem2 Distance Trial 2,Working Mem2 Distance Diff,Working Mem3 Distance Trial 1,Working Mem3 Distance Trial 2,Working Mem3 Distance Diff,Working Mem Distance Trial 1 Ave,Working Mem Distance Trial 2 Ave,Working Mem Distance Diff Ave
1029,Fx,29.5,17.85,8.35,5.9,3.15,19.5,26.15,13.35,41.75,28.65,32.25,3.95,7.5,11.05,9.7,60,30.15,38.85,9.2,10.4,12.95,25.88,12.89,29.72,22.83,5.977,2.9495,1.2685,0.8975,0.04,3.8345,5.062,1.989,6.9815,3.8545,4.786,0.4045,0.197,1.4655,0.995,9.6245,5.186,5.4155,1.3265,1.2595,2.2265,4.3443,1.5696,4.5624,3.4921,5.000081243,6.043333304,6.631345595,6.573631978,17.5,7.425748563,5.16278332,8.130563451,6.256548899,7.802560448,3.134141246,3.70828183,4.822335026,11.06660874,12.56936597,6.243849084,6.217109097,8.001639787,14.54052733,31.25151271,8.349678424,6.955640936,7.060146563,13.2509276,9.088905033,4,6,3,4,27,51.83,16.33,31.72,18.83,2.2,36.8,-34.6,60,4.5,55.5,60,60,0,40.73333333,33.76666667,6.966666667,0.222,7.447,-7.225,9.572,0,9.572,10.005,9.244,0.761,6.599666667,5.563666667,1.036
1030,Fx,19.75,23.9,13.65,7.9,4.1,3.6,6.95,6.45,6.1,15.65,17.75,23.45,9.8,7.3,4.35,8.8,8.15,4.7,7.25,24.15,13.86,7.75,12.53,10.61,10.29666667,2.889,4.6085,2.635,1.3615,0.496,0.405,0.8915,0.519,0.8645,2.4275,0.8135,3.5475,1.331,1.004,0.3195,1.203,0.9455,0.479,0.8965,3.912,2.398,1.0215,1.4031,1.4872,1.303933333,6.897761402,6.123379166,5.23440164,5.894377511,8.11965812,10.31384413,9.100349707,12.75124849,7.27348627,12.88680795,25.56452634,7.006868415,7.389355963,7.673244768,45.42126486,7.28815398,20.42357274,16.40190857,8.058063702,7.369503454,6.453915568,10.46514731,18.61105207,11.90824049,13.66147996,5,3,5,4,37.17,27.67,32.17,32.33,25.17,5,2.2,2.8,27.6,7.9,19.7,11.7,5.9,5.8,14.76666667,5.333333333,9.433333333,0.638,0.172,0.466,0.64,0.987,-0.347,1.587,0.819,0.768,0.955,0.659333333,0.295666667
1031,Fx,21,29.5,7.55,4.9,3.25,19.4,29.4,9.55,25.85,11.5,12.9,17.3,18.3,5.15,5.7,43.35,15.9,4.35,31.3,14.2,13.24,19.14,11.87,21.82,17.61,3.197,5.3555,1.346,0.7525,0.4415,4.108,6.002,1.3585,4.285,1.657,1.952,3.137,2.8435,0.624,0.0155,6.2775,2.15,0.522,4.7695,2.0105,2.2185,3.4821,1.7144,3.1459,2.7808,12.84845739,5.482740187,5.706058774,6.516605258,7.351708075,4.844253854,5.070011009,7.428063112,5.988744339,8.431199277,6.79300523,7.636122355,7.261358461,10.74074074,#DIV/0!,7.175166193,10.89553924,10.03057584,13.50454201,20.17286478,7.581113937,6.352454318,#DIV/0!,12.35573761,#DIV/0!,1,3,1,2,24.17,33.17,25.33,27.56,15.17,29.8,9,20.8,18.5,7.3,11.2,60,26.7,33.3,36.1,14.33333333,21.76666667,6.437,1.779,4.658,2.887,1.017,1.87,9.119,3.436,5.683,6.147666667,2.077333333,4.070333333
1032,Ac,23.25,3.6,11.95,7.25,4.4,12.4,26.05,13.85,8.5,4.55,34.4,3.05,3.55,15.1,9.8,12.75,21.2,6.9,3,3.9,10.09,13.07,13.18,9.55,11.93333333,4.692,0.519,2.3125,1.114,0.554,2.3085,4.911,1.741,0.48,0.4155,6.025,0.3,0.341,1.848,0.4035,1.6395,3.2945,0.79,0.2925,0.4275,1.8383,1.9712,1.7835,1.2888,1.681166667,5.41115312,7.676431393,5.343450122,6.626579239,8.050102086,5.677541542,6.257513091,9.839447975,17.93195911,11.19054635,5.707856903,11.32946002,10.56742,8.148350739,4.956629492,8.379670293,6.673930637,2.879746836,3.504273505,15.57615894,6.621543192,10.17940161,8.14194343,7.402756042,8.574700362,4,6,2,4,33.67,45.83,27.33,35.61,25.33,17.7,7.1,10.6,37.3,31.5,5.8,15.3,10.2,5.1,23.43333333,16.26666667,7.166666667,3.486,1.131,2.355,6.511,5.539,0.972,2.257,1.022,1.235,4.084666667,2.564,1.520666667
1042,Sh,6.4,15.4,15.65,10.25,19,16.8,3.55,31.9,6.9,35.95,10.5,5.5,5.25,3.55,7.15,24.25,54.8,8.25,4.05,6.55,13.34,19.02,6.39,19.58,14.99666667,0.714,2.6155,2.4475,1.707,3.4405,3.4115,0.3865,6.089,0.813,5.911,1.1155,0.4085,0.443,0.356,0.6215,3.366,9.8045,0.893,0.2525,0.674,2.1849,3.3222,0.5889,2.998,2.303033333,14.05653171,5.610246039,6.200850889,5.982985594,5.52113333,5.009658464,9.396275741,6.296624924,9.133974275,6.082955669,10.18084438,4.651162791,12.89274795,11.36046568,11.51658486,7.254488519,5.605071624,16.92111305,17.02924763,15.46826019,7.474349511,7.183897814,10.12036113,12.4556362,9.919965049,5,6,3,5,51.83,46.5,32.33,43.56,17.83,12.1,21.5,-9.4,12.8,8.2,4.6,24,24.5,-0.5,16.3,18.06666667,-1.766666667,2.296,4.527,-2.231,1.555,0.676,0.879,3.629,3.103,0.526,2.493333333,2.768666667,-0.275333333
1043,Sh,19.1,14,6.9,15.5,13.7,15.35,4.75,4.5,3.45,3.25,35.15,30.2,17.15,5.95,5.75,29.75,38.3,16.45,7.1,10.45,13.84,6.26,18.84,20.41,15.17,2.8985,2.026,1.1515,3.028,2.1845,2.8875,0.6365,0.4405,0.2855,0.196,4.698,4.8105,2.565,0.5815,0.511,5.165,6.561,2.527,0.9055,1.516,2.2577,0.8892,2.6332,3.3349,2.285766667,7.403141882,9.471005403,6.157663841,5.10291973,6.60919847,5.486416686,7.672467547,11.5518846,12.0842245,24.87773142,7.885109651,9.117924539,7.708811063,11.55507732,12.1668036,6.005463559,6.097316008,6.620374024,19.59260654,12.85829969,6.948785865,12.33454495,9.686745233,10.23481196,10.75203405,0,5,3,3,18.33,51.67,25.67,31.89,21,21.5,9.2,12.3,58.3,12,46.3,46.1,13.4,32.7,41.96666667,11.53333333,30.43333333,4.205,1.57,2.635,7.978,1.418,6.56,8.242,2.088,6.154,6.808333333,1.692,5.116333333
1044,Sh,18.25,8.1,9.8,10.4,6.55,9.5,3.5,12.25,9.65,13.4,9.85,16.8,6.2,4.55,4.25,24.25,13.7,2.6,6,8.45,10.62,9.66,8.33,11,9.663333333,2.7655,1.477,1.6205,1.649,0.8455,1.6335,0.475,2.0235,1.374,2.211,1.4495,2.759,0.617,0.52,0.293,4.3175,1.8975,0.2325,0.8465,1.3365,1.6715,1.5434,1.1277,1.7261,1.465733333,7.057531619,5.568501363,6.225754018,6.357102458,7.939358504,6.538171919,11.77178452,6.249348123,9.931127899,6.741150862,7.018378295,6.655742332,9.909902311,10.34083993,28.67715618,5.732829108,7.536907537,12.9914175,8.327519812,6.669628137,6.629649592,8.246316665,12.52040381,8.251660419,9.672793631,4,6,4,5,34.83,38.17,29.67,34.22,15.5,4.7,14.3,-9.6,7.7,12,-4.3,18.6,29.9,-11.3,10.33333333,18.73333333,-8.4,0.611,2.656,-2.045,0.996,1.903,-0.907,3.037,5.598,-2.561,1.548,3.385666667,-1.837666667
1045,Fx,60,30.4,4.5,4.45,14.35,11.55,13.65,7.65,11.3,11.95,12.75,7.25,13.7,27.45,3.05,17.9,11.9,15.05,7.15,5.55,22.74,11.22,12.84,11.51,11.85666667,10.691,5.412,0.5815,0.607,2.4665,2.123,2.1805,0.703,1.0865,1.1845,1.4245,0.945,2.146,4.7885,0.254,2.855,1.787,2.597,0.919,0.491,3.9516,1.4555,1.9116,1.7298,1.698966667,5.612748936,6.273569234,10.7041107,7.476789936,5.695033335,5.442664255,6.333664472,3.769559033,10.85096036,12.19150741,8.952062381,13.69867829,8.126354536,9.696358072,13.33309699,6.241502974,6.688219377,6.151484984,7.758800893,4.378818738,7.152450428,7.717671106,10.76131005,6.243765393,8.240915518,5,4,2,4,32.33,31.67,34.5,32.83,18.33,11.6,11.5,0.1,12.3,13.2,-0.9,20.9,14.9,6,14.93333333,13.2,1.733333333,2.171,2.075,0.096,1.368,1.481,-0.113,3.24,2.47,0.77,2.259666667,2.008666667,0.251
1046,Fx,9.65,14.55,6.95,8.6,5.9,7.35,3.05,8.7,7.2,5.2,17.65,12.5,4.65,4.3,7.65,13.85,7.8,5.55,4.65,6.5,9.13,6.3,9.35,7.67,7.773333333,1.2875,2.307,1.301,1.321,0.833,1.151,0.241,1.14,1.073,0.6255,2.599,1.964,0.6205,0.487,0.789,1.54,0.8455,0.37,0.3655,0.652,1.4099,0.8461,1.2919,0.7546,0.9642,7.482836079,6.447933785,5.742174766,6.714177617,7.082324456,6.374632171,12.66012397,17.92582418,7.110894863,8.313099042,8.572104246,7.840372623,7.49961039,9.043415601,10.85832393,16.95529137,9.231759469,#DIV/0!,33.81512301,43.18985849,6.69388934,10.47691484,8.762765358,#DIV/0!,#DIV/0!,0,2,3,2,75,11.83,39.17,42,44.17,8,6.7,1.3,29.9,5.4,24.5,21,6.7,14.3,19.63333333,6.266666667,13.36666667,1.185,1.117,0.068,4.697,0.501,4.196,2.827,0.253,2.574,2.903,0.623666667,2.279333333
1047,Fx,48.9,6,5.7,10.15,3.55,3.05,33.6,3.8,5.35,6.7,25.2,6.75,6.2,11.6,6.35,60,33.9,39.45,25.6,19.5,14.86,10.5,11.22,35.69,19.13666667,8.541,0.7275,0.9815,1.7025,0.5255,0.407,6.5025,0.3945,0.6295,0.8265,4.117,0.9275,0.492,1.871,0.8515,9.245,5.639,6.2905,4.678,3.3415,2.4956,1.752,1.6518,5.8388,3.080866667,5.861044191,9.436751983,5.871013237,6.358428972,6.826794799,7.636525085,6.116008854,10.85695285,8.535322386,8.19649699,6.150065709,7.58109833,#DIV/0!,6.199325162,7.451801624,6.490947235,6.118781626,6.348685601,10.93727207,5.965513193,6.870806636,8.268261233,#DIV/0!,7.172239944,#DIV/0!,2,1,0,1,25.67,20.33,6.67,17.56,29,3.1,3,0.1,22.4,28,-5.6,60,60,0,28.5,30.33333333,-1.833333333,0.466,0.348,0.118,3.526,4.708,-1.182,9.357,9.133,0.224,4.449666667,4.729666667,-0.28
1048,Fx,6.6,9.2,5.4,5.2,15.95,14.1,7.4,26.8,12.95,31.55,11.25,7.4,20.95,26.25,10.1,11.4,12.8,6.6,6.7,3.1,8.47,18.56,15.19,8.12,13.95666667,1.064,1.4905,0.801,0.4705,3.1075,2.7275,1.1605,4.8705,2.079,5.532,1.4305,0.987,3.2815,5.2445,1.4085,1.749,2.0735,0.8615,0.8235,0.1455,1.3867,3.2739,2.4704,1.1306,2.291633333,6.290203704,6.76690548,7.008046879,14.91738309,5.642142668,5.30983208,6.392569788,6.193789105,6.989783474,18.88106309,8.196023477,13.30501798,26.08992377,5.162124156,7.164131535,6.655272947,6.287376409,7.823057012,9.714008746,26.67831707,8.124936363,8.753407508,11.98344418,11.43160644,10.72281938,4,5,4,4,32.5,37.17,33.33,34.33,21.67,19.1,9.1,10,9.8,12.7,-2.9,17.6,5.2,12.4,15.5,9,6.5,3.845,1.61,2.235,1.041,1.82,-0.779,2.744,0.754,1.99,2.543333333,1.394666667,1.148666667
1057,Fx,19,25.15,9.05,18.2,12.45,6.85,6.3,7.65,10.25,14.05,25.05,9.4,8.3,15.2,25.2,43.95,58.2,30.7,21.9,19.5,16.77,9.02,16.63,34.85,20.16666667,2.5225,4.0425,1.303,2.21,1.7365,0.8885,0.8105,1.051,0.587,2.0715,3.2545,0.6775,0.461,1.505,2.984,5.7465,9.1005,2.5595,1.613,1.4695,2.3629,1.0817,1.7764,4.0978,2.318633333,7.508528589,9.670966658,6.917343503,9.449577642,7.179554284,7.838741086,7.696182833,8.243323713,#DIV/0!,17.4089994,7.703669917,13.78568013,18.13510346,9.942007677,9.606582256,7.738203653,6.395199156,12.35234453,29.63819647,12.55852873,8.145194135,#DIV/0!,11.83460869,13.73649451,#DIV/0!,8,2,3,4,43.5,35.83,35.33,38.22,18.33,7.6,6.1,1.5,23.2,26.9,-3.7,57.1,30.8,26.3,29.3,21.26666667,8.033333333,1.06,0.717,0.343,2.981,3.528,-0.547,7.648,3.845,3.803,3.896333333,2.696666667,1.199666667
1058,Fx,27.8,16.6,22.5,8.5,6.3,14.5,5,8.7,11.3,4.35,35.85,12.9,12.25,5.5,4.5,37.35,23.2,13.05,13.5,19,16.34,8.77,14.2,21.22,14.73,4.364,2.4335,3.283,0.927,0.738,2.368,0.47,1.332,2.0155,0.3155,5.2625,1.6045,1.043,0.536,0.374,4.9405,3.024,1.136,1.92,2.279,2.3491,1.3002,1.764,2.6599,1.908033333,7.077611292,6.858614616,7.324331605,8.75467225,8.497914834,7.154161834,10.88056755,6.532401127,5.663746561,14.78102584,6.845617336,16.84739955,12.16171973,10.09229243,38.66657122,7.698447068,7.63841359,17.99213521,7.153132993,8.121800703,7.702628919,9.002380582,16.92272005,9.720785913,11.88196218,3,6,4,4,30,42.5,33.17,35.22,10.17,4.7,24.3,-19.6,25.7,46,-20.3,14.7,60,-45.3,15.03333333,43.43333333,-28.4,0.553,4.183,-3.63,3.694,6.831,-3.137,1.856,8.025,-6.169,2.034333333,6.346333333,-4.312
1059,Fx,14.75,24.2,8.9,22.25,4.95,6.65,4.6,7.25,6.1,6.3,41.75,25.95,9.3,6.35,7.75,49.95,33,50.45,41.5,13.3,15.01,6.18,18.22,37.64,20.68,1.983,4.437,1.4135,3.5745,0.5605,0.837,0.4905,0.7245,0.4985,0.4515,5.637,2.999,0.575,0.2765,0.68,5.9425,4.0475,5.8975,4.901,1.282,2.3937,0.6004,2.0335,4.4141,2.349333333,7.378632979,6.6172783,6.365035826,6.738979614,9.28297679,8.173202615,9.412320484,12.36657193,12.8678118,24.77874585,7.347105343,8.477270298,15.62880533,23.72619424,19.24250327,8.366996651,8.142468122,8.726404136,8.092716936,10.51515113,7.276580702,13.51973053,14.88437569,8.768747394,12.39095121,2,8,5,5,53.17,51.83,27,44,9.33,9.4,3.9,5.5,60,23.5,36.5,60,39.9,20.1,43.13333333,22.43333333,20.7,1.224,0.45,0.774,8.013,3.261,4.752,6.988,4.897,2.091,5.408333333,2.869333333,2.539
1060,Fx,25.25,21.25,10.5,12.8,5.35,6.8,5.35,10.2,5.2,4.35,60,41,21.35,4.55,12.8,14.95,18.45,25.6,13.4,4.15,15.03,6.38,27.94,15.31,16.54333333,3.932,3.683,1.4325,1.895,0.6755,0.968,0.564,1.2825,0.4335,0.2675,9.157,5.8475,2.348,0.433,1.6615,1.813,2.613,3.918,1.707,0.1345,2.3236,0.7031,3.8894,2.0371,2.209866667,6.461982299,5.858711363,7.022132355,7.40494982,8.643061122,7.007363753,12.93173736,7.892624194,17.19467563,18.97624898,6.573644488,7.111169702,8.453721689,16.89478585,11.94741673,8.043990571,6.9475754,6.983698285,7.814495905,31.75960771,7.078167392,12.80052998,10.19614769,12.30987357,11.76885042,4,5,3,4,36,33.33,23.67,31,32.5,8.8,4.8,4,60,60,0,20.3,9.6,10.7,29.7,24.8,4.9,1.245,0.691,0.554,9.678,8.636,1.042,2.313,1.313,1,4.412,3.546666667,0.865333333
1061,Fx,24.95,35.35,7.55,10.4,15.7,9.1,18.2,7.2,18.35,9.6,10.7,7.2,6.5,5.8,10.75,38.85,23.3,11.6,16.6,25.65,18.79,12.49,8.19,23.2,14.62666667,5.1595,6.9135,1.0405,1.76,2.696,1.0715,3.1875,0.287,3.0415,1.2645,1.726,0.661,0.7395,0.36,1.76,6.6845,3.781,1.783,2.686,4.193,3.5139,1.7704,1.0493,3.8255,2.215066667,4.891891966,5.760075428,7.288108547,5.972591694,7.607256248,78.53225036,7.054716242,24.83549377,#DIV/0!,14.69928648,6.626146566,33.60975383,10.41709006,18.31980698,6.083497006,6.191723221,6.223053533,6.560821783,12.83819663,6.201828232,6.303984776,#DIV/0!,15.01125889,7.60312468,#DIV/0!,2,3,4,3,28.17,27.83,27.17,27.72,21.5,7.6,10.6,-3,5.8,15.6,-9.8,60,17.7,42.3,24.46666667,14.63333333,9.833333333,0.05,2.093,-2.043,0.783,2.669,-1.886,10.771,2.598,8.173,3.868,2.453333333,1.414666667
1062,Fx,60,40.65,18.6,29.2,34.35,13.9,18,27.15,9.2,8.55,60,60,46,33.45,23.35,12.5,12.3,8.95,13.1,12.4,36.56,15.36,44.56,11.85,23.92333333,9.612,6.237,2.7865,3.3885,4.0705,1.575,2.5945,4.437,1.1085,0.582,8.4945,8.142,4.6215,3.474,1.7435,0.899,0.911,0.6915,1.0285,0.6675,5.2189,2.0594,5.2951,0.8395,2.731333333,6.256092686,6.662280974,6.67654112,8.6182394,9.692368967,8.721527479,6.991242978,7.527973846,10.14991602,25.40138751,7.06929874,7.412876959,10.3091425,12.90532403,17.51065063,13.7477919,13.69941395,12.67992225,12.88502686,17.81169129,7.581104629,11.75840957,11.04145857,14.16476925,12.3215458,1,3,3,2,21.83,29,21.67,24.17,16.5,17.7,10.1,7.6,60,60,0,15.3,9.7,5.6,31,26.6,4.4,1.659,1.491,0.168,8.249,8.74,-0.491,1.035,0.763,0.272,3.647666667,3.664666667,-0.017
1064,Fx,33.85,15.7,13,38.05,7.1,26.1,8.05,9.1,6.2,9.65,43.9,9.15,5.85,9.95,13.15,5.85,14.5,8.7,7.4,6.55,21.54,11.82,16.4,8.6,12.27333333,6.3565,2.7405,2.2565,6.63,0.628,4.9435,1.2185,0.404,0.481,1.099,7.3335,1.152,0.5725,1.316,2.1045,0.7345,1.9305,0.7325,0.792,0.308,3.7223,1.6292,2.4957,0.8995,1.6748,5.518532059,5.760933041,6.247876263,5.998887681,54.48944061,6.491300196,6.641921302,24.86987475,38.38243433,12.5412017,6.194993102,8.415805394,10.90418873,7.974779173,7.04490182,8.74486137,#DIV/0!,11.64065511,11.12430687,25.2241801,15.60313393,17.78534645,8.106933644,#DIV/0!,#DIV/0!,8,11,7,9,69.17,54.5,34.83,52.83,14.17,7.3,44.9,-37.6,60,27.8,32.2,6.9,4.8,2.1,24.73333333,25.83333333,-1.1,0.915,8.972,-8.057,10.504,4.163,6.341,1.022,0.447,0.575,4.147,4.527333333,-0.380333333
1065,Sh,17.3,25.65,8.95,10,6.15,23.35,7,10.45,21.4,8.95,46.1,12.4,6.3,14.6,6.9,39.35,5.5,10.35,13.6,7.1,13.61,14.23,17.26,15.18,15.55666667,2.605,3.6585,1.387,1.55,0.759,3.884,0.8775,1.183,2.1185,0.607,5.9875,1.021,0.7635,1.807,0.7215,5.0615,0.2885,0.883,1.432,0.633,1.9919,1.734,2.0601,1.6596,1.8179,6.669523867,7.385299649,6.372802835,7.102803739,8.218405322,6.214459086,7.989034569,11.94057407,10.0856122,19.93062201,7.944265907,12.14537807,8.654170364,11.71386258,50.4767595,7.76783444,19.41813669,12.60434289,9.481189321,11.38358369,7.149767082,11.23206039,18.18688728,12.13101741,13.84998836,6,5,7,6,39.83,35.33,52.33,42.5,30,35.2,11.5,23.7,60,32.2,27.8,45.8,32.9,12.9,47,25.53333333,21.46666667,6.021,1.747,4.274,8.23,3.745,4.485,5.865,4.258,1.607,6.705333333,3.25,3.455333333
1066,Sh,11.4,12.2,7.25,7.5,4.65,3.5,18,16,13.55,17.4,21.3,11.4,19.2,5.3,5.55,14.85,23.1,13.35,13.35,10.05,8.6,13.69,12.55,14.94,13.72666667,1.965,2.096,1.0495,1.2025,0.4555,0.389,3.758,2.0195,1.96,3.147,3.426,1.294,2.8375,0.642,0.576,2.3965,3.852,2.0455,2.1675,1.3345,1.3537,2.2547,1.7551,2.3592,2.123,5.944929872,6.139401334,7.042955487,7.113245954,9.845339846,9.188326959,4.874415056,2.438722456,7.014286481,8.588014062,6.471625438,10.96696907,9.395920173,8.789241883,9.421652422,6.258764812,6.714714821,7.47210419,6.993156202,7.512615757,7.217174498,6.420753003,9.009081797,6.990271156,7.473368652,3,4,2,3,28.67,36.17,22.5,29.11,20.83,3.7,3.3,0.4,15.3,27.3,-12,11.6,18.1,-6.5,10.2,16.23333333,-6.033333333,0.457,0.321,0.136,2.14,4.712,-2.572,1.784,3.009,-1.225,1.460333333,2.680666667,-1.220333333
1067,Sh,28.65,6.65,5.3,5.1,6.4,31.55,5.3,6,12.9,3.35,12.3,15.4,16,17.7,6.65,26.9,18.95,29.25,18.3,10.6,10.42,11.82,13.61,20.8,15.41,4.8785,1.0675,0.9105,0.6895,1.0235,6.531,0.6535,0.717,1.7955,0.1605,1.8235,2.749,1.8935,3.594,1.0195,4.2725,2.684,3.7595,2.222,1.207,1.7139,1.9715,2.2159,2.829,2.3388,7.024338869,6.341827661,6.828049802,7.287891661,6.193189168,7.483547509,10.0193392,8.471216967,7.195481137,30.23761714,7.420335569,5.924178376,8.41192657,7.368872498,7.015278238,7.201203816,7.14342441,8.840262321,8.287560758,14.30268309,6.735059432,12.68144039,7.22811825,9.155026878,9.688195172,3,9,1,4,25.83,45,23.83,31.56,13.17,3.1,60,-56.9,11.3,13.3,-2,43.1,10.7,32.4,19.16666667,28,-8.833333333,0.302,12.76,-12.458,1.202,2.445,-1.243,7.284,1.261,6.023,2.929333333,5.488666667,-2.559333333
1068,Sh,17.55,24.25,6.2,4.55,4.45,10.9,17.3,7.25,5.9,7.55,43.6,10.5,10.7,4.3,7.45,21.5,27.7,24.95,2.7,15.65,11.4,9.78,15.31,18.5,14.53,2.6625,4.2215,0.493,0.713,0.601,2.3345,3.4015,0.6615,0.544,0.486,6.55,0.851,0.817,0.485,0.917,2.678,5.685,4.998,0.205,2.4095,1.7382,1.4855,1.924,3.1951,2.201533333,6.570616336,6.208732985,45.1998205,6.545469737,7.398495616,#DIV/0!,5.84517348,12.78514765,11.39914773,54.81939045,6.720700881,12.06905713,14.73724151,15.79994383,8.119836088,8.149564957,6.165446364,5.536993839,22.03302374,2.573147956,14.38462704,#DIV/0!,11.48935589,8.891635371,#DIV/0!,0,3,7,3,0,41.67,33.83,25.17,23.33,1.6,20.2,-18.6,60,27.2,32.8,35.4,7.6,27.8,32.33333333,18.33333333,14,0,4.669,-4.669,9.148,3.952,5.196,4.444,0.912,3.532,4.530666667,3.177666667,1.353
1069,Ac,31.5,26.2,11.3,7.05,5.1,18.2,6.05,8.4,36.3,6.2,39.15,7.95,6.85,19.45,3.2,28.65,14.15,11.15,9.1,7.1,16.23,15.03,15.32,14.03,14.79333333,4.8235,4.553,1.0275,0.765,0.574,3.24,0.747,1.0555,5.002,0.6245,5.954,0.8575,0.5015,2.862,0.2675,4.523,1.527,0.8085,1.032,0.7695,2.3486,2.1338,2.0885,1.732,1.984766667,7.109204864,5.755260605,11.19376746,9.750801473,8.830519075,5.575923092,18.30243584,7.951701027,7.243251258,12.7006224,6.994438031,11.53191249,14.28275351,7.832576053,#DIV/0!,6.319728358,9.813184077,14.24492749,8.861373718,9.286220448,8.527910695,10.35478672,#DIV/0!,9.705086818,#DIV/0!,5,5,6,5,45,46.17,30.67,40.61,16.33,22.7,13.7,9,60,18.3,41.7,24.4,32.9,-8.5,35.7,21.63333333,14.06666667,3.935,2.545,1.39,9.529,2.379,7.15,3.93,5.116,-1.186,5.798,3.346666667,2.451333333
1070,Ac,32.55,6.35,9.3,11.35,5.15,10.9,9.5,30.05,9.4,3.9,22.05,9.7,3.3,6.5,9.25,16.3,12.15,5.8,22,6.25,12.94,12.75,10.16,12.5,11.80333333,4.818,0.8225,1.7645,1.731,0.67,2.0725,1.633,1.453,1.2765,0.2245,3.761,1.428,0.334,0.903,1.16,2.2825,1.254,0.65,3.7885,0.6065,1.9612,1.3319,1.5172,1.7163,1.5218,7.409264233,7.620349693,7.412893679,6.861595691,7.683059573,5.445586524,6.023859061,#DIV/0!,7.376482214,19.09846436,5.910349722,7.45295184,17.27509778,7.382703778,12.06151748,7.318257426,9.726039947,10.99026055,6.113967121,10.82379379,7.397432574,#DIV/0!,10.01652412,8.994463765,#DIV/0!,1,3,3,2,30.33,40.17,29,33.17,17.17,7.5,14.3,-6.8,27.7,16.4,11.3,13.1,19.5,-6.4,16.1,16.73333333,-0.633333333,1.266,2.879,-1.613,4.824,2.698,2.126,1.647,2.918,-1.271,2.579,2.831666667,-0.252666667
1071,Ac,19.35,8.5,5.25,4.05,2.8,28.6,6.35,9.95,10.5,8.7,9.4,5.75,3.25,32.75,3,10.5,5.85,4.55,12,20.6,7.99,12.82,10.83,10.7,11.45,3.4545,1.4435,0.894,0.416,0.382,5.226,1.0165,1.668,1.5205,1.1155,1.1875,0.635,0.2805,5.1785,0.1445,1.3675,0.737,0.416,1.768,3.492,1.318,2.1093,1.4852,1.5561,1.716866667,5.955134247,5.868020642,6.303574854,16.89887954,7.412387596,7.168198379,9.412380385,6.070294476,6.831360849,7.798279792,8.522783068,19.01019248,38.53174603,6.194608304,42.35294118,7.695803889,#DIV/0!,19.82474681,11.61434522,11.33883837,8.487599376,7.456102776,22.92245421,#DIV/0!,#DIV/0!,4,6,5,5,46.83,36,32.33,38.39,23.83,3.3,53.9,-50.6,12.4,6.4,6,11.3,9.7,1.6,9,23.33333333,-14.33333333,0.367,10.085,-9.718,1.726,0.649,1.077,1.336,1.399,-0.063,1.143,4.044333333,-2.901333333
1072,Ac,44.7,5.8,7.85,5.15,4.7,34,22.15,5.65,8.4,6.6,60,12.25,12.65,5.7,8.8,15.7,16.9,4.9,5.25,25.45,13.64,15.36,19.88,13.64,16.29333333,8.213,0.718,1.3375,0.6935,0.509,6.4055,3.9055,0.589,1.035,0.7495,9.3165,0.986,1.6395,0.7945,0.849,2.305,2.441,0.6295,0.701,4.142,2.2942,2.5369,2.7171,2.0437,2.432566667,5.465507048,8.544391759,6.901708651,7.19116667,8.736099232,5.955950616,8.16199204,9.620111535,9.347607375,42.38815153,6.450498703,11.96516721,7.881342233,7.155616207,10.50452507,6.860912332,40.34352744,#DIV/0!,7.505046858,7.146533374,7.367774672,15.09476262,8.791429884,#DIV/0!,#DIV/0!,2,12,7,7,7.33,46,39.17,30.83,11.33,60,8,52,60,60,0,17,14.4,2.6,45.66666667,27.46666667,18.2,11.626,1.185,10.441,8.944,9.689,-0.745,2.182,2.428,-0.246,7.584,4.434,3.15
1073,Ac,38.3,37.6,21.15,25.25,4.05,18.8,10.75,9,4.65,4.6,38.5,60,20.4,5.55,25.75,12.6,8.95,8.5,23.8,5.3,25.27,9.56,30.04,11.83,17.14333333,0,5.648,2.7015,3.633,0.4275,3.1905,1.2995,1.069,0.5515,0.3385,6.216,8.7625,2.5085,0.4655,4.6385,1.7705,1.075,1.297,4.341,0.686,2.482,1.2898,4.5182,1.8339,2.5473,0,7.050710854,7.844434365,6.889907306,9.490384616,6.622232342,8.277226553,8.381920934,8.870369224,13.95170852,6.189442452,6.848410923,9.153776405,13.26421095,5.336723476,10.39046171,8.339865681,13.80278232,5.589047186,8.886808389,6.255087428,9.220691514,8.158512841,9.401793057,8.926999137,6,1,10,6,44.67,8.5,41.33,31.5,35.83,7.4,30.2,-22.8,17,60,-43,22.5,2.7,19.8,15.63333333,30.96666667,-15.33333333,0.965,5.416,-4.451,2.75,9.682,-6.932,3.349,0.192,3.157,2.354666667,5.096666667,-2.742
1074,Ac,49.15,28.25,9.8,15.25,6.15,16.35,11.1,8.7,10.8,6.2,51.4,24.35,6.65,15.2,9,10.8,19.65,6.5,3.8,7.3,21.72,10.63,21.32,9.61,13.85333333,4.888,3.874,1.009,1.2655,0.742,2.6895,1.7675,1.167,1.403,0.696,8.021,2.931,0.7845,2.4505,1.2675,1.5675,3.271,0.9825,0.284,1.051,2.3557,1.5446,3.0909,1.4312,2.022233333,3.068739771,7.924423168,9.577424722,15.35655268,8.533705266,6.106567391,6.304549717,17.96679006,79.20028767,11.41395505,6.54158747,8.718403526,9.075142127,13.89786966,7.960038625,7.007121657,6.007608266,7.657811848,13.39683248,7.115808512,8.892169121,24.19842998,9.238608281,8.237036552,13.89135827,2,4,10,5,17.83,36,39,30.94,22.17,18.9,13.8,5.1,60,42.8,17.2,15,6.6,8.4,31.3,21.06666667,10.23333333,3.174,2.205,0.969,9.999,6.043,3.956,2.229,0.906,1.323,5.134,3.051333333,2.082666667
1075,Ac,9.15,60,5.55,5.9,7.05,39.4,57.15,4.3,20.35,35.5,16.35,3.65,5.65,4.65,4.95,40.1,36.35,36.1,34.65,4.25,17.53,31.34,7.05,30.29,22.89333333,0.5925,10.895,0.6465,0.788,0.537,7.36,10.29,0.433,3.0075,6.001,2.3125,0.335,0.646,0.447,0.4205,6.3015,5.9405,5.7625,5.6515,0.1615,2.6918,5.4183,0.8322,4.7635,3.671333333,3.459915612,5.507133815,8.583182563,8.194041742,12.40592171,5.31040294,5.551603881,9.996027144,6.978180112,7.101920894,7.322976622,11.6119139,11.34085213,12.58662047,21.31370523,6.410632453,6.815949152,6.354033589,7.768220887,32.67809777,7.630039089,6.987626994,12.83521367,12.00538677,10.60940914,3,5,2,3,16.33,35.5,21.33,24.39,11,18.8,60,-41.2,12.5,20.2,-7.7,46.1,34.1,12,25.8,38.1,-12.3,3.597,11.123,-7.526,1.546,3.079,-1.533,7.484,5.119,2.365,4.209,6.440333333,-2.231333333
1076,Ac,58.25,15.95,12.3,10.6,8.55,16.15,27.45,26.35,9.65,30.7,18.45,9.1,5.65,3.8,7,22.3,14.95,5.15,8.65,19.2,21.13,22.06,8.8,14.05,14.97,8.745,2.537,2.0995,1.5445,1.0245,2.728,4.5855,4.182,1.142,4.2085,2.993,1.2145,0.447,0.2645,0.8685,3.884,2.0515,0.5655,1.1475,2.976,3.1901,3.3692,1.1575,2.1249,2.2172,6.71392703,6.26384629,6.085060211,6.866584089,8.313270309,5.903146968,6.053254415,6.792103736,9.810905144,9.948591428,6.208878956,9.984427456,68.73144178,15.21633815,9.270196377,6.040778944,7.238105155,9.692791359,8.250817312,7.424561121,6.848537586,7.701600338,21.88225654,7.729410778,12.43775589,3,10,3,5,22.5,54.67,37.67,38.28,13,17.9,14.4,3.5,26.8,10.1,16.7,14.9,29.7,-14.8,19.86666667,18.06666667,1.8,2.901,2.555,0.346,4.384,1.602,2.782,2.212,5.556,-3.344,3.165666667,3.237666667,-0.072
1077,Sh,19.65,34.7,15.9,5.05,4.95,10.45,6.15,7.9,13.75,17.5,27.6,6.2,4.7,4.45,4.35,7.65,36.7,13.4,3.7,11.6,16.05,11.15,9.46,14.61,11.74,3.9495,5.6315,2.257,0.572,0.6395,1.1955,0.6235,0.7695,1.89,1.2545,4.5685,0.839,0.328,0.438,0.365,0.8575,6.8175,1.9015,0.1325,1.4675,2.6099,1.1466,1.3077,2.2353,1.5632,5.430489723,6.587413291,9.134407739,9.529490361,8.158584904,8.735098117,10.5827957,13.17413757,7.344835469,18.40024888,7.271170964,7.387958018,71.2771595,10.51359771,12.22565092,11.41199018,6.141876009,14.388812,29.48694815,14.79365022,7.768077203,11.64742315,21.73510742,15.24465531,16.20906196,6,11,8,8,47,52.67,43,47.56,11.5,14.9,6,8.9,49.3,5.9,43.4,12.1,3.2,8.9,25.43333333,5.033333333,20.4,1.703,0.688,1.015,8.46,0.677,7.783,1.498,0.217,1.281,3.887,0.527333333,3.359666667
1078,Sh,39.05,7.45,16.3,15.05,8.75,52.7,8.2,5.8,10.15,4.75,47.3,33.35,4.35,3.85,6.4,44.65,31.55,6.25,3.9,8.7,17.32,16.32,19.05,19.01,18.12666667,6.517,1.2005,0.772,2.853,1.5285,10.4215,1.273,0.609,1.6925,0.6075,8.308,6.2015,0.6095,0.2245,0.8475,8.508,6.6055,0.7295,0.136,1.3715,2.5742,2.9207,3.2382,3.4701,3.209666667,6.10167727,6.18589891,#DIV/0!,6.163137623,6.204310208,5.032735393,6.444319944,75.35289187,7.025649371,8.760550615,5.737716881,5.399164857,8.565368257,25.90763562,7.58098111,5.268707569,29.47365754,#DIV/0!,65.54621851,7.33028887,#DIV/0!,20.52322944,10.63817334,#DIV/0!,#DIV/0!,6,6,7,6,40.67,28.33,31.33,33.44,20.67,45.4,60,-14.6,60,34.6,25.4,29.3,60,-30.7,44.9,51.53333333,-6.633333333,9.622,11.221,-1.599,10.741,5.875,4.866,5.5,11.516,-6.016,8.621,9.537333333,-0.916333333
1079,Sh,24.2,10.4,29.75,12.6,8.75,31.2,6.9,3.75,9.6,26.15,14.25,10.15,8.5,8.55,4.25,14.85,21.8,23.7,12.85,18.9,17.14,15.52,9.14,18.42,14.36,3.9575,1.674,5.1715,1.952,1.5995,6.0115,0.9755,0.3355,1.1435,4.46,2.0105,1.414,1.37,1.022,0.346,2.1885,3.365,4.3165,1.712,3.387,2.8709,2.5852,1.2325,2.9938,2.2705,6.344373092,6.17680709,5.769563346,7.01659988,5.68989784,5.329828539,#DIV/0!,14.79113384,8.846919763,6.159429654,8.767061275,7.194094516,7.039983248,8.469118871,12.70356481,7.05125561,6.683172112,5.504241295,11.79786576,5.639072482,6.199448249,#DIV/0!,8.834764544,7.335121451,#DIV/0!,6,11,2,6,26.5,54.17,19.5,33.39,11.5,25.1,37.3,-12.2,25.1,3.4,21.7,12.2,17.5,-5.3,20.8,19.4,1.4,4.31,7.713,-3.403,3.705,0.316,3.389,1.536,2.841,-1.305,3.183666667,3.623333333,-0.439666667
1080,Sh,42.9,21.05,33.6,10.65,6.95,10.3,9.45,5,9.85,4.95,25.5,10.8,6.7,3.8,7.2,60,60,40.8,9.35,7.75,23.03,7.91,10.8,35.58,18.09666667,7.111,2.856,5.2145,0.772,1.1445,1.4795,1.4045,0.5475,1.329,0.37,3.8965,1.25,0.807,0.319,0.9255,9.5515,9.149,5.6025,1.0245,0.793,3.4196,1.0261,1.4396,5.2241,2.563266667,6.002960218,7.382311825,7.056226563,13.45224636,6.94668201,6.98299803,7.173094386,9.23621665,12.22255365,18.65729253,6.610553446,9.29268812,8.200163027,12.96747968,11.3550057,6.287632372,6.558155207,7.992737945,13.13982213,43.90943348,8.168085395,10.85443105,9.685177994,15.57755623,12.03905509,6,11,7,8,53,43.17,39,45.06,13,11.5,9.1,2.4,28,23,5,60,60,0,33.16666667,30.7,2.466666667,1.447,1.512,-0.065,4.519,3.274,1.245,9.259,9.844,-0.585,5.075,4.876666667,0.198333333
1081,Fx,60,38.4,14.3,34.55,20.5,22.65,10.25,13.9,22.2,7.4,20.5,11.2,6.35,6.2,8.8,21.8,13.1,13.25,14.7,6.65,33.55,15.28,10.61,13.9,13.26333333,11.06,6.4645,2.3605,5.1915,2.39,2.431,0.9065,1.2005,2.575,0.3675,2.8205,1.31,0.508,0.354,0.606,2.4335,0.685,1.331,1.688,0.26,5.4933,1.4961,1.1197,1.2795,1.298433333,5.425159871,5.920169729,6.058356805,6.67239475,9.710673503,9.507067408,13.13950808,11.53276341,10.38466385,22.67945978,7.256838044,8.543508433,12.59965201,17.5949976,15.27681943,9.080453412,109.5584788,28.63526095,8.99215562,26.73248161,6.757350931,13.4486925,12.2543631,36.59976608,20.76760723,8,7,5,7,34.83,61.17,22.17,39.39,7.83,19.2,26.1,-6.9,35.2,5.8,29.4,23.3,20.3,3,25.9,17.4,8.5,1.861,3.001,-1.14,4.84,0.801,4.039,2.222,2.645,-0.423,2.974333333,2.149,0.825333333
1082,Fx,24.6,17.2,5.75,10.65,28.95,39.25,13.65,7.7,10.05,9.15,34.05,26.25,7.45,11.35,7.35,38.85,16.65,15.55,6.35,7.05,17.43,15.96,17.29,16.89,16.71333333,4.7695,3.251,0.802,1.4475,5.6835,6.7105,0.8665,0.598,1.0745,0.6065,4.6155,2.8915,0.2115,0.893,0.3845,5.8635,1.43,1.0925,0.35,0.2815,3.1907,1.9712,1.7992,1.8035,1.857966667,6.836578944,5.349026608,7.168697935,7.659123529,5.097625127,6.139491585,#DIV/0!,14.09144766,10.48334899,16.14102462,11.25057522,23.55790615,105.15553,13.54690771,124.2357875,8.779304489,35.50845385,14.85971428,25.71146223,25.52822756,6.422210428,#DIV/0!,55.54934131,22.07743248,#DIV/0!,7,5,5,6,44.17,35.17,38.5,39.28,28.5,45.7,32.8,12.9,51.5,16.6,34.9,60,17.7,42.3,52.4,22.36666667,30.03333333,8.787,4.634,4.153,8.208,1.023,7.185,10.212,1.515,8.697,9.069,2.390666667,6.678333333
1083,Fx,23.4,26.6,17.9,32.5,9.45,7.8,13.95,21.2,9.3,9.9,14.25,25.7,6.05,10.5,6.85,12.25,12.4,6.45,9.55,10.8,21.97,12.43,12.67,10.29,11.79666667,3.833,4.5145,2.9135,5.0745,1.2015,0.81,2.016,2.704,0.665,0.881,1.858,3.725,0.5835,1.4565,0.5425,1.539,1.083,0.21,0.8495,1.1195,3.5074,1.4152,1.6331,0.9602,1.336166667,6.198610218,6.847580937,6.284565045,6.525842308,10.00858936,20.3236816,6.920507046,8.408837621,26.34839091,40.90433909,7.698963218,7.114505385,10.36736027,7.243742579,12.69275606,7.91648759,13.79232521,31.38775511,15.65336463,13.74923132,7.173037573,20.58115125,9.0234655,16.49983277,15.36814984,3,5,4,4,38.83,43.67,32.5,38.33,23.5,10.4,5.2,5.2,20.8,7.7,13.1,14.4,10.1,4.3,15.2,7.666666667,7.533333333,1.465,0.155,1.31,2.724,0.992,1.732,1.749,1.329,0.42,1.979333333,0.825333333,1.154
1084,Fx,9.65,35.6,8.75,14.9,9.1,5.2,11.45,9.5,6.3,18.6,37.85,40.2,17.55,7.6,7.65,56.35,22.3,22.5,11.45,15.25,15.6,10.21,22.17,25.57,19.31666667,1.675,6.5555,1.492,2.4485,1.078,0.6055,2.071,1.648,0.118,3.042,6.208,6.5115,2.6795,0.7455,1.0725,8.954,2.7475,2.827,1.586,1.942,2.6498,1.4969,3.4434,3.6113,2.850533333,5.734388663,5.839417631,6.465891716,6.813539765,8.507984032,8.734755929,6.238221914,5.731180816,#DIV/0!,6.345742321,6.205310325,7.692246334,7.651598833,10.14276391,7.206669164,6.337433969,95.24397681,97.39073713,7.732138151,8.70988934,6.672244361,#DIV/0!,7.779717713,43.08283508,#DIV/0!,11,4,4,6,50.5,38.83,28.83,39.39,7.67,5.2,5.2,0,60,15.7,44.3,52.7,60,-7.3,39.3,26.96666667,12.33333333,0.684,0.527,0.157,9.957,2.459,7.498,9.467,8.441,1.026,6.702666667,3.809,2.893666667
1085,Sh,49.6,12.55,5,10.2,8.95,7.7,11.65,12.05,13.6,10.45,26.7,5.75,7,6.9,6.8,11.7,36.65,34.15,35.15,19.55,17.26,11.09,10.63,27.44,16.38666667,7.4795,1.046,0.725,1.339,0.7475,1.099,1.467,1.758,1.331,1.328,4.5345,0.4435,0.4215,0.498,0.8045,1.614,6.086,4.257,4.7415,2.351,2.2674,1.3966,1.3404,3.8099,2.1823,6.642527237,10.48297377,6.971176306,7.740264319,11.01962165,7.114486887,9.014159987,6.961364484,9.629139075,9.272697794,6.937520854,59.57001811,16.14679087,16.7724161,10.82361389,7.079991138,6.041602055,8.786318801,21.02197324,19.36784878,8.571312656,8.398369645,22.05007196,12.4595468,14.3026628,5,10,1,5,28.33,47.5,24.67,33.5,10.5,11.3,4.1,7.2,15.6,37.8,-22.2,16.8,6.6,10.2,14.56666667,16.16666667,-1.6,1.639,0.559,1.08,1.798,7.271,-5.473,2.234,0.994,1.24,1.890333333,2.941333333,-1.051
1086,Sh,55.6,29.25,6.95,14.3,10.15,40.2,7.4,6.7,5.95,5,28.15,12.65,4.65,7.65,10.8,4.3,7.8,14.75,12.75,7.75,23.25,13.05,12.78,9.47,11.76666667,7.4225,4.201,0.935,2.1,1.4435,6.274,0.821,0.8015,0.73,0.348,4.795,2.0705,0.488,0.977,1.3005,0.4355,0.6735,2.0035,1.7065,0.6935,3.2204,1.7949,1.9262,1.1025,1.607866667,7.497557388,7.052137301,7.435208904,6.795803434,8.189124378,6.960660825,9.993466898,9.005473138,8.183201461,20.46754784,5.92616572,6.383205016,9.837810706,11.43804383,12.66509943,9.948609795,11.7795284,12.87122985,7.72397733,15.37901893,7.393966281,10.92207003,9.25006494,11.54047286,10.57086928,6,2,5,4,48,30.67,36.5,38.39,24.67,60,20.4,39.6,22.7,33.6,-10.9,4.9,3.7,1.2,29.2,19.23333333,9.966666667,9.966,2.582,7.384,3.682,5.908,-2.226,0.514,0.357,0.157,4.720666667,2.949,1.771666667
1087,Sh,17.6,33.7,10.45,6.6,17.9,18.55,18.6,4.5,7.7,4.55,60,16.55,8.25,5.6,7.2,24.15,6.35,9.05,6.65,4.45,17.25,10.78,19.52,10.13,13.47666667,1.9435,4.709,1.533,0.8425,2.7455,3.014,2.8525,0.2885,0.7875,0.2185,7.8795,1.4925,1.0435,0.642,0.9285,3.0515,0.741,1.0715,0.7245,0.1275,2.3547,1.4322,2.3972,1.1432,1.657533333,8.562656922,8.438024831,7.03967906,9.001411631,6.512637286,6.360232912,6.516296966,68.08653262,9.974750757,22.87280702,7.68516148,14.24156744,8.043162755,9.36181929,7.867833381,8.509857214,8.644009443,8.746222496,9.236767486,35.65127628,7.910881946,22.76212405,9.43990887,14.15762658,15.45321984,3,9,1,4,29.17,53.67,49.67,44.17,12.5,24.9,12.2,12.7,60,60,0,38.5,9.8,28.7,41.13333333,27.33333333,13.8,4.25,1.778,2.472,7.125,8.634,-1.509,5.062,1.041,4.021,5.479,3.817666667,1.661333333
1088,Sh,60,53.8,10.7,10.95,11.15,24.7,25.35,9.35,8.15,17.7,23.2,7.15,4.05,8.6,16.15,18,48.65,5.55,4.2,6.35,29.32,17.05,11.83,16.55,15.14333333,9.114,8.247,1.651,1.3885,1.474,2.0595,4.1115,1.006,1.1025,2.725,3.2815,0.8895,0.26,1.1625,2.147,3.0295,8.5525,0.578,0.244,0.835,4.3749,2.2009,1.5481,2.6478,2.132266667,6.736380892,6.541390328,7.527785041,7.925996319,7.65533833,22.07989276,7.010962938,25.96114371,7.502536667,17.71882637,10.30229902,63.43054189,23.11776502,7.405203795,7.60686256,6.039985367,5.678298289,9.553279271,44.25001122,7.794479521,7.277378182,16.05467249,22.37253446,14.66321073,17.69680589,5,3,1,3,24.67,23.17,22,23.28,19.83,17.9,31.5,-13.6,4.6,41.8,-37.2,8,28,-20,10.16666667,33.76666667,-23.6,3.306,0.813,2.493,0.331,6.232,-5.901,1.288,4.771,-3.483,1.641666667,3.938666667,-2.297
1093,Ac,10,9.1,22.5,21.15,5.9,7.85,4.1,4.2,4.75,10.25,30.6,5.95,4.35,4,4.85,34.2,30.3,16.2,6.45,7.9,13.73,6.23,9.95,19.01,11.73,1.44,1.48,3.9665,2.926,0.774,1.203,0.304,0.398,0.411,1.5305,4.9655,0.5655,0.4045,0.288,0.471,5.821,5.1245,2.5975,0.818,0.9205,2.1173,0.7693,1.3389,3.0563,1.7215,7.74796803,13.72412789,6.08937553,8.14270067,7.79601752,6.592392772,4.029605263,10.60855263,15.73808004,11.66374956,6.623718818,11.68674874,12.37673768,17.18021809,10.74127026,6.653934173,6.679198141,7.47671961,7.865272981,80.97513171,8.700037928,9.726476051,11.72173872,21.93005132,14.45942203,2,4,5,4,24.33,33.17,42.83,33.44,28.83,7.3,8.4,-1.1,41,20.2,20.8,10.2,58.2,-48,19.5,28.93333333,-9.433333333,1.033,1.373,-0.34,7.278,2.653,4.625,1.331,10.311,-8.98,3.214,4.779,-1.565
1094,Ac,24.75,8.05,20.4,13.45,5.25,4.25,4.25,21.65,13.1,4.4,40.35,3.6,11.15,4.45,8.25,14.65,11.7,11.9,6.5,9.45,14.38,9.53,13.56,10.84,11.31,3.975,1.0785,3.4925,1.8875,0.593,0.6025,0.572,3.8155,0.754,0.306,6.946,0.247,1.562,0.4635,0.8445,1.6665,1.308,1.3895,0.3,1.1515,2.2053,1.21,2.0126,1.1631,1.4619,6.480699865,7.458306083,5.83993418,8.155395609,9.438039144,7.6397642,8.160873574,5.849438346,39.74441081,15.55093555,6.238071729,24.17949087,7.283722192,9.639287813,9.854709852,9.701983696,9.000875853,9.020220563,#DIV/0!,89.20456541,7.474474976,15.38908449,11.43905649,#DIV/0!,#DIV/0!,4,6,5,5,31.33,45.67,41.17,39.39,16.33,3.4,5.1,-1.7,20.7,60,-39.3,19.9,9.4,10.5,14.66666667,24.83333333,-10.16666667,0.371,0.834,-0.463,2.963,10.929,-7.966,2.515,0.818,1.697,1.949666667,4.193666667,-2.244
1096,Ac,34.15,12.85,10.95,8.5,14.2,40.5,7.6,12.55,4.35,33.85,36.8,18.3,11.9,9.05,5.2,12.8,12.15,8.65,5.75,11,16.13,19.77,16.25,10.07,15.36333333,5.6415,1.6785,1.831,1.114,2.1575,6.5585,0.939,1.5625,0.362,4.6245,5.275,2.583,1.467,0.874,0.4745,1.5095,1.5795,0.936,0.596,1.216,2.4845,2.8093,2.1347,1.1674,2.037133333,7.378233146,7.899914813,7.029854619,7.656392044,6.847199341,6.15466848,8.150736153,8.71350365,14.12539162,7.474781196,6.902346241,7.180584435,14.43490329,10.79389313,10.95825006,8.870537253,7.734421377,9.252469605,9.713359463,10.30131963,7.362318792,8.923816219,10.05399543,9.174421465,9.384077705,3,4,5,4,35.33,40.5,36.67,37.5,18.5,46.2,34.8,11.4,60,13.6,46.4,13.4,12.2,1.2,39.86666667,20.2,19.66666667,7.288,5.829,1.459,8.545,2.005,6.54,1.862,1.157,0.705,5.898333333,2.997,2.901333333
1109,Ac,23.2,60,27.95,16.65,9.3,5.65,8.25,6.15,6,27.1,19.35,9.6,9.8,8.3,10.55,19.75,10.45,15.15,13.05,8.6,27.42,10.63,11.52,13.4,11.85,3.8715,9.555,4.2465,2.296,1.1035,0.5565,0.9325,0.425,0.4385,4.3335,3.091,1.1825,1.217,0.7945,1.133,2.743,0.9425,1.66,1.4115,0.628,4.2145,1.3372,1.4836,1.477,1.4326,7.017723869,6.297658863,6.884348129,9.255432649,8.82150184,10.7697831,9.277730853,#DIV/0!,13.68601748,6.640780096,6.910644259,8.268274858,7.951855851,10.45972357,14.82698573,7.384240996,12.56282795,9.235500165,14.36526802,14.43925503,7.65533307,#DIV/0!,9.683496854,11.59741843,#DIV/0!,5,3,6,5,52.67,25,41,39.56,34.5,4.9,6.4,-1.5,30.3,8.4,21.9,18.7,20.8,-2.1,17.96666667,11.86666667,6.1,0.384,0.729,-0.345,5.119,1.063,4.056,2.233,3.253,-1.02,2.578666667,1.681666667,0.897
1110,Ac,14.6,26.9,20.15,20.15,9,11.9,18.9,9.45,9.55,9.5,48.9,8.35,7.9,6.9,6.4,38.65,19.3,5.65,10.45,10.3,18.16,11.86,15.69,16.87,14.80666667,2.454,4.4305,3.2785,3.2905,1.0975,1.944,2.894,0.7245,0.7215,0.861,7.618,0.356,0.8575,0.586,0.4405,5.2195,2.461,0.2775,1.3045,1.1245,2.9102,1.429,1.9716,2.0774,1.826,6.899861643,6.086276951,6.126069368,6.104579907,8.546635641,6.110887249,8.138099624,15.85607941,13.33228356,12.17655282,6.597709402,84.13378349,9.528064972,11.77675416,14.59001801,8.085901937,9.465143438,20.46927258,8.028416635,10.72585898,6.752684702,11.12278053,25.32526601,11.35491871,15.93432175,4,2,4,3,49.33,48.83,35.83,44.67,17.5,10.8,13,-2.2,60,37.8,22.2,17.3,60,-42.7,29.36666667,36.93333333,-7.566666667,1.814,2.074,-0.26,9.969,5.267,4.702,1.89,8.549,-6.659,4.557666667,5.296666667,-0.739
1111,Ac,40.75,20.45,18.6,10.5,22.65,11.05,6.7,31.6,15.25,8.85,28.15,23.45,5.85,9.7,6.4,24.8,16.7,16.95,12.1,8.9,22.59,14.69,14.71,15.89,15.09666667,7.889,3.222,3.045,1.2445,3.254,1.0905,0.574,5.78,1.615,1.1415,4.4745,3.8935,0.4605,1.328,0.79,3.2575,1.7715,2.232,1.6845,1.045,3.7309,2.0402,2.1893,1.9981,2.075866667,5.410425467,7.121108528,6.168992707,8.741282662,6.944510194,9.713686627,100,5.669526005,16.84040965,7.83289056,7.34961525,6.904781043,#DIV/0!,7.30535143,8.105018988,8.683359117,48.94797525,8.453324929,7.193287482,8.513007779,6.877263911,28.01130257,#DIV/0!,16.35819091,#DIV/0!,6,4,5,5,28.5,50.83,33.83,37.72,16.83,15.9,6.2,9.7,49.3,7,42.3,44.3,5.3,39,36.5,6.166666667,30.33333333,1.445,0.736,0.709,8.139,0.81,7.329,5.983,0.532,5.451,5.189,0.692666667,4.496333333
1112,Ac,26.3,8.15,12.2,35.5,29.5,4.9,5.45,6.8,6.6,6.9,17.15,13,9.95,8,6.65,33.15,33.45,17.45,8.3,6.55,22.33,6.13,10.95,19.78,12.28666667,5.101,1.1505,2.1695,6.0315,4.4155,0.1645,0.0675,0.9385,0.7635,0.4655,2.803,1.807,1.3205,0.95,0.4065,5.9,5.242,2.1645,0.7435,0.4545,3.7736,0.4799,1.4574,2.9009,1.612733333,5.708142325,7.360044745,5.859645245,6.478175567,6.699661835,92.64942527,80.91989437,7.310146554,8.78473554,15.65781392,6.154912326,7.762887065,8.52560285,12.92841217,26.80959155,6.636949728,6.853388039,8.474207419,14.21629992,22.48876814,6.421133943,41.06440313,12.43628119,11.73392265,21.74486899,3,7,7,6,54.33,42,36.5,44.28,20.67,4.9,4.9,0,23.5,10.8,12.7,60,6.3,53.7,29.46666667,7.333333333,22.13333333,0.029,0.3,-0.271,3.878,1.728,2.15,10.994,0.806,10.188,4.967,0.944666667,4.022333333
1113,Sh,6.9,60,14.65,17.75,11.9,8.65,7.75,9.45,12.4,14,8.2,5.95,11.85,7.25,7.4,58.25,22.3,23.75,12.6,9.75,22.24,10.45,8.13,25.33,14.63666667,0.8305,9.8365,2.315,2.8435,1.3725,1.171,0.976,1.4245,1.4115,2.0275,0.9955,0.387,1.696,0.6165,0.612,6.261,2.677,3.5875,1.7275,1.078,3.4396,1.4021,0.8614,3.0662,1.776566667,8.296271476,6.111219663,6.441301806,6.834399644,9.312523721,7.650719565,8.888809024,7.371760214,10.06305858,35.37938771,8.23164171,104.3507363,7.100496723,22.37687059,14.7204024,9.322956131,9.476881139,7.678925985,7.357671546,10.28869663,7.399143262,13.87074702,31.35602954,8.825026287,18.01726761,6,5,4,5,32.33,34.67,42.33,36.44,17.33,7.4,9.9,-2.5,7.5,8.9,-1.4,60,56.5,3.5,24.96666667,25.1,-0.133333333,0.857,1.485,-0.628,0.919,1.072,-0.153,6.655,5.867,0.788,2.810333333,2.808,0.002333333
1114,Sh,60,44.9,30.9,18.4,11.35,48.9,19.7,6.25,31.55,9.1,50.05,8.9,14.15,16.3,9.5,13.5,35.8,35,30.95,23.65,33.11,23.1,19.78,27.78,23.55333333,9.18,6.9615,4.666,2.193,1.3895,7.3835,3.2425,0.222,4.278,0.761,7.613,0.5045,1.9955,1.9485,1.196,1.974,5.6265,6.0695,4.6785,3.246,4.878,3.1774,2.6515,4.3189,3.3826,6.538405965,6.620564503,7.240631562,8.162868701,8.150906891,6.651326493,7.166018287,#DIV/0!,7.447056888,58.96716826,6.63245681,82.13112348,8.46564561,9.008844809,8.534315355,6.98873573,6.270324926,5.826720534,6.546464721,25.59860206,7.342675524,#DIV/0!,22.95447721,10.24616959,#DIV/0!,3,5,2,3,44.17,54,25.83,41.33,14.17,37.8,60,-22.2,40.1,60,-19.9,19.7,7.3,12.4,32.53333333,42.43333333,-9.9,5.585,9.182,-3.597,5.828,9.398,-3.57,2.947,1.001,1.946,4.786666667,6.527,-1.740333333
1115,Sh,60,35.1,13.75,10.65,9.3,12.6,8,7.65,7.65,9.95,21.85,9.05,12.4,6.15,6.6,39.75,14.6,25.35,6.2,11.15,25.76,9.17,11.21,19.41,13.26333333,10.5545,6.5515,2.078,1.652,1.2865,1.832,0.817,0.5595,1.029,0.797,3.6675,1.2145,2.1005,0.3615,0,6.946,1.8025,3.9385,0.3455,1.2695,4.4245,1.0069,1.4688,2.8604,1.7787,5.719343324,5.943283412,9.259883241,6.676373536,7.871088296,12.47428933,14.21227449,#DIV/0!,7.734318915,13.76281005,6.934274838,7.579468462,5.912374899,17.15549996,#DIV/0!,5.72899753,#DIV/0!,13.05593682,26.52492633,8.976961816,7.093994362,#DIV/0!,#DIV/0!,#DIV/0!,#DIV/0!,6,6,8,7,46.67,43.17,32.5,40.78,22.83,20.1,5.1,15,37.9,5.8,32.1,25,54.5,-29.5,27.66666667,21.8,5.866666667,3.396,0.268,3.128,6.623,0.712,5.911,4.351,9.541,-5.19,4.79,3.507,1.283
1116,Sh,16.15,40.55,15.85,10.4,19.15,7.55,6.25,7.8,20.55,6.65,32.5,18.2,9.85,6.25,6.55,37.35,45.75,6.3,15.95,8.3,20.42,9.76,14.67,22.73,15.72,3.2135,7.215,2.5565,1.4085,3.019,0.9375,0.596,1.0105,3.1665,0.3475,5.767,2.7715,0.7245,0.3995,0.247,5.4995,6.911,0.615,2.247,0.6025,3.4825,1.2116,1.9819,3.175,2.122833333,4.959507693,5.781782459,6.630314482,7.425204691,6.776474778,8.743260793,10.57702915,7.720222426,7.393693229,23.48739666,7.975880565,6.483974584,53.33693305,18.09877279,32.89593677,8.18547676,6.481046518,12.75070457,50.59363982,128.2761114,6.31465682,11.58432045,23.75829955,41.25739581,25.53333861,0,5,4,3,12.83,44.67,20.5,26,16.33,5.5,9.6,-4.1,5,60,-55,60,14.7,45.3,23.5,28.1,-4.6,0.532,1.343,-0.811,0.475,11.059,-10.584,9.541,1.458,8.083,3.516,4.62,-1.104
1201,Ac,20.85,25.85,12.7,28.15,9.35,9.7,6.4,25.3,14.85,9.45,17,7.8,12.5,24.3,9.65,60,32.8,34.85,16.35,10.75,19.38,13.14,14.25,30.95,19.44666667,3.0755,4.4975,1.862,3.8745,1.252,1.2765,0.7615,3.5715,2.1155,0.7855,2.4295,0.8265,1.712,3.426,0.622,9.0735,4.766,5.026,2.1855,1.338,2.9123,1.7021,1.8032,4.4778,2.661033333,6.984241534,5.766228699,7.542737343,7.265165193,7.644009448,7.613295802,8.455100375,37.46939374,7.181419665,57.38464877,7.135977474,9.823866175,9.509500281,7.051416126,45.86412151,6.612876288,51.44242318,6.836352784,19.82305117,7.87762647,7.040476443,23.62077167,15.87697631,18.51846598,19.33873799,8,5,5,6,37.33,27.83,36.5,33.89,25.5,12.2,7.2,5,10,24,-14,60,60,0,27.4,30.4,-3,1.614,0.939,0.675,1.343,3.516,-2.173,9.125,9.022,0.103,4.027333333,4.492333333,-0.465
1202,Ac,13.8,37.8,9.9,9.6,8.2,6.15,6.05,13.55,6.3,11.55,9.2,4.45,6.3,6.3,7.3,47.45,15.75,22.85,7,7.7,15.86,8.72,6.71,20.15,11.86,1.9025,5.7935,1.3605,1.1835,0.9205,0.7075,0.363,1.6055,0.566,1.337,1.4125,0.3635,0.2995,0.2785,0.571,7.306,1.9305,3.594,0.7165,0.7705,2.2321,0.9158,0.585,2.8635,1.454766667,7.75343972,7.324973541,7.266647806,8.068907477,8.932407046,8.946119379,108.353203,37.30113176,13.69717782,16.8969034,6.517448576,12.47212559,24.21273483,24.0778098,54.48325118,6.632944139,8.07416268,8.595455984,9.908077429,9.986868135,7.869275118,37.03890707,24.35267399,8.639501673,23.34369425,0,10,5,5,16.67,47.83,43.5,36,12.83,5.2,7.1,-1.9,8.9,9.5,-0.6,60,34.9,25.1,24.7,17.16666667,7.533333333,0.524,0.891,-0.367,1.432,1.393,0.039,9.669,4.943,4.726,3.875,2.409,1.466
1203,Ac,44.75,6.95,34.25,13.75,12.85,18.85,5.65,6.1,6.45,7.15,42.95,22.4,10.25,6.7,7.75,48,8.9,41.2,14.5,42.15,22.51,8.84,18.01,30.95,19.26666667,7.345,1.051,5.607,1.681,1.655,2.5425,0.4195,0.387,0.4895,0.485,6.254,3.052,0.4525,0.8635,0.748,7.471,1.231,6.361,2.359,6.8175,3.4678,0.8647,2.274,4.8479,2.6622,6.345777512,6.728082005,6.264374962,8.379644439,9.714460848,12.32436164,14.6948052,124.1388518,13.49118518,18.63886159,7.077996019,7.3700407,22.64280412,7.791362009,15.29133547,6.374673713,7.231255655,6.571790067,6.902961363,6.385961501,7.486467953,36.65761308,12.03470766,6.69332846,18.46188307,6,8,1,5,57.83,51.17,14.83,41.28,15,32.5,5.2,27.3,60,25.9,34.1,37.1,58.9,-21.8,43.2,30,13.2,4.794,0.291,4.503,9.075,3.433,5.642,6.076,8.866,-2.79,6.648333333,4.196666667,2.451666667
1204,Ac,24.05,23,20.05,14,8.5,39.95,7.3,7.05,18.85,12.6,12,8.35,6.45,12.05,13.5,16.7,39.75,17.35,60,18.5,17.92,17.15,10.47,30.46,19.36,4.623,3.5755,3.231,2.3105,0.9785,6.6225,0.3595,0.947,3.303,1.54,1.13,0.8315,0.799,1.061,2.1725,2.353,7.157,1.555,10.5565,1.527,2.9437,2.5544,1.1988,4.6297,2.7943,5.912140423,7.14793692,6.474600809,7.416943795,8.883042954,6.328958341,26.40930498,7.548022447,31.31558249,8.35529802,10.08849558,9.891636524,8.121045305,13.34242692,9.276892532,6.910639356,5.625344898,12.70161436,5.683798496,25.22031647,7.16693298,15.99143326,10.14409937,11.22834272,12.45462511,3,3,1,2,33.5,22.33,17.17,24.33,23.5,59.9,20,39.9,18.9,5.1,13.8,22.3,11.1,11.2,33.7,12.06666667,21.63333333,10.329,2.916,7.413,1.695,0.565,1.13,2.879,1.827,1.052,4.967666667,1.769333333,3.198333333